<?xml version="1.0" encoding="UTF-8"?>
<project-private xmlns="http://www.netbeans.org/ns/project-private/1">
    <editor-bookmarks xmlns="http://www.netbeans.org/ns/editor-bookmarks/2" lastBookmarkId="0"/>
    <open-files xmlns="http://www.netbeans.org/ns/projectui-open-files/2">
        <group>
            <file>file:/C:/Users/ADMIN/OneDrive/Máy%20tính/Java/BTL_Java_Group12_old/BTL/Code/BTL_JAVA/src/GiaoDien/QLSV.java</file>
            <file>file:/C:/Users/ADMIN/OneDrive/Máy%20tính/Java/BTL_Java_Group12_old/BTL/Code/BTL_JAVA/src/GiaoDien/QLDiem.java</file>
            <file>file:/C:/Users/ADMIN/OneDrive/Máy%20tính/Java/BTL_Java_Group12_old/BTL/Code/BTL_JAVA/src/Model/SinhVien.java</file>
            <file>file:/C:/Users/ADMIN/OneDrive/Máy%20tính/Java/BTL_Java_Group12_old/BTL/Code/BTL_JAVA/src/GiaoDien/Login.java</file>
            <file>file:/C:/Users/ADMIN/OneDrive/Máy%20tính/Java/BTL_Java_Group12_old/BTL/Code/BTL_JAVA/src/Data/DatabaseAcc.java</file>
            <file>file:/C:/Users/ADMIN/OneDrive/Máy%20tính/Java/BTL_Java_Group12_old/BTL/Code/BTL_JAVA/src/Model/Grade.java</file>
        </group>
    </open-files>
</project-private>
